{
	"format_version": "1.8.0",
	"animations": {
		"animation.true_zombie_crawler.stand": {
			"loop": true,
			"animation_length": 1,
			"bones": {
				"leftArm": {
					"rotation": {
						"0.0": [0, 0, 0],
						"0.52": [0, 0, -5],
						"1.0": [0, 0, 0]
					}
				}
			}
		},
		"animation.true_zombie_crawler.walk": {
			"loop": true,
			"animation_length": 1,
			"bones": {
				"body": {
					"rotation": {
						"0.0": [0, 0, 0],
						"0.24": [0, 0, -12.5],
						"0.52": [0, 0, 0],
						"0.76": [0, 0, 0],
						"1.0": [0, 0, 0]
					}
				},
				"head": {
					"rotation": {
						"0.0": [0, 0, 0],
						"0.24": [0, 0, 20],
						"0.52": [0, 0, 0],
						"0.76": [0, 0, 0],
						"1.0": [0, 0, 0]
					},
					"position": {
						"0.0": [0, 0, 0],
						"0.24": [-2, 0, 0],
						"0.52": [0, 0, 0],
						"0.76": [0, 0, 0],
						"1.0": [0, 0, 0]
					}
				},
				"rightArm": {
					"rotation": {
						"0.0": [0, 0, 0],
						"0.24": [-14.32185, 9.54385, 8.11019],
						"0.52": [0, 0, 0],
						"0.76": [50.31, 0, 0],
						"1.0": [0, 0, 0]
					},
					"position": {
						"0.0": [0, 0, 0],
						"0.24": [-1, 0, 0],
						"0.52": [0, 0, 0],
						"0.76": [0, 0, 0],
						"1.0": [0, 0, 0]
					}
				},
				"leftArm": {
					"rotation": {
						"0.0": [0, 0, 0],
						"0.24": [36.06663, 9.08661, -17.89244],
						"0.52": [0, 0, 0],
						"0.76": [-17.5, 0, 0],
						"1.0": [0, 0, 0]
					},
					"position": {
						"0.0": [0, 0, 0],
						"0.24": [-2, -2, 0],
						"0.52": [0, 0, 0],
						"0.76": [0, 0, 0],
						"1.0": [0, 0, 0]
					}
				}
			}
		},
		"animation.true_zombie_crawler.attack": {
			"animation_length": 0.76,
			"bones": {
				"rightArm": {
					"rotation": {
						"0.0": [0, 0, 0],
						"0.24": [-27.5, 0, 62.5],
						"0.52": [-60, 0, 62.5],
						"0.76": [0, 0, 0]
					}
				}
			}
		}
	}
}