{
	"format_version": "1.8.0",
	"animations": {
		"animation.pole_hammer.stance_0": {
			"loop": true,
			"override_previous_animation": true,
			"bones": {
				"leftArm": {
					"rotation": [-63.17604, 31.99975, 15.00046]
				},
				"lowerlarm": {
					"rotation": [-32.5, 0, 0]
				},
				"rightArm": {
					"rotation": [-21.64581, -36.84757, 10.25028]
				},
				"lowerrarm": {
					"rotation": [-40, 0, 0]
				}
			}
		},
		"animation.pole_hammer.attack_stance0_0": {
			"loop": "hold_on_last_frame",
			"animation_length": 0.52,
			"override_previous_animation": true,
			"bones": {
				"leftArm": {
					"rotation": {
						"0.0": [-63.17604, 31.99975, 15.00046],
						"0.08": [-66.23772, 25.23144, 86.45802],
						"0.28": [-66.23772, 25.23144, 86.45802],
						"0.36": [-83.73772, 25.23144, 86.45802]
					}
				},
				"lowerlarm": {
					"rotation": {
						"0.0": [-32.5, 0, 0],
						"0.08": [-5, 0, 0],
						"0.28": [-5, 0, 0]
					}
				},
				"rightArm": {
					"rotation": {
						"0.0": [-21.64581, -36.84757, 10.25028],
						"0.08": [-41.88396, 2.47712, 69.51441],
						"0.28": [-41.88396, 2.47712, 69.51441],
						"0.36": [-78.44529, 23.25542, 95.32469]
					}
				},
				"lowerrarm": {
					"rotation": {
						"0.0": [-40, 0, 0],
						"0.28": [-40, 0, 0],
						"0.36": [-7.5, 0, 0]
					}
				},
				"root": {
					"rotation": {
						"0.0": [0, 7.5, 0],
						"0.08": [0, -40, 0],
						"0.28": [0, -40, 0],
						"0.36": [0, 42.5, 0]
					}
				},
				"waist": {
					"rotation": {
						"0.08": [-7.68112, -29.9781, 0.3766],
						"0.28": [-7.68112, -29.9781, 0.3766],
						"0.36": [19.14248, 38.69001, 2.00378]
					}
				}
			}
		},
		"animation.pole_hammer.attack_stance0_2": {
			"loop": "hold_on_last_frame",
			"animation_length": 0.52,
			"override_previous_animation": true,
			"bones": {
				"leftArm": {
					"rotation": [-63.17604, 31.99975, 15.00046],
					"position": {
						"0.2": [0, 0, 0],
						"0.28": [-1, -1, 1]
					}
				},
				"lowerlarm": {
					"rotation": {
						"0.0": [-32.5, 0, 0],
						"0.28": [-7.5, 0, 0]
					}
				},
				"rightArm": {
					"rotation": {
						"0.0": [-21.64581, -36.84757, 10.25028],
						"0.28": [-22.99504, -36.65499, 46.54687]
					}
				},
				"lowerrarm": {
					"rotation": {
						"0.0": [-40, 0, 0],
						"0.28": [-35, 0, 0]
					}
				},
				"root": {
					"rotation": {
						"0.0": [0, 0, 0],
						"0.2": [0, -12.5, 0],
						"0.28": [0, 42.5, 0]
					}
				},
				"waist": {
					"rotation": {
						"0.0": [0, 0, 0],
						"0.2": [-13.01372, -27.37678, 1.21723],
						"0.28": [48.09578, 14.21064, -7.81178]
					}
				},
				"rightItem": {
					"rotation": [0, 0, 45]
				}
			}
		},
		"animation.pole_hammer.attack_stance0_3": {
			"loop": "hold_on_last_frame",
			"animation_length": 0.56,
			"override_previous_animation": true,
			"bones": {
				"leftArm": {
					"rotation": {
						"0.0": [-63.17604, 31.99975, 15.00046],
						"0.12": [-35.7367, 15.18892, 13.16783],
						"0.28": [-35.7367, 15.18892, 13.16783],
						"0.36": [-42.28339, -28.29849, -43.20634],
						"0.48": [-42.28339, -28.29849, -43.20634],
						"0.56": [-42.5, 0, 0]
					}
				},
				"lowerlarm": {
					"rotation": {
						"0.0": [-32.5, 0, 0],
						"0.12": [-30, 0, 0],
						"0.28": [-30, 0, 0],
						"0.36": [-52.5, 0, 0],
						"0.48": [-52.5, 0, 0],
						"0.56": [-15, 0, 0]
					}
				},
				"rightArm": {
					"rotation": {
						"0.0": [-21.64581, -36.84757, 10.25028],
						"0.12": [14.03689, -60.97335, 43.59641],
						"0.28": [14.03689, -60.97335, 43.59641],
						"0.36": [-73.46311, -60.97335, 43.59641],
						"0.48": [-73.46311, -60.97335, 43.59641],
						"0.56": [-15.96311, -60.97335, 43.59641]
					}
				},
				"lowerrarm": {
					"rotation": {
						"0.0": [-40, 0, 0],
						"0.12": [-57.51808, 1.70025, -1.85881],
						"0.28": [-57.51808, 1.70025, -1.85881],
						"0.36": [-2.51808, 1.70025, -1.85881],
						"0.48": [-2.51808, 1.70025, -1.85881],
						"0.56": [-32.5, 0, 0]
					}
				},
				"root": {
					"rotation": {
						"0.0": [0, 0, 0],
						"0.12": [4.7113, 52.50896, -0.35788],
						"0.28": [4.7113, 52.50896, -0.35788],
						"0.56": [0, 37.5, 0]
					},
					"position": {
						"0.12": [0, 0, 8],
						"0.28": [0, 0, 8],
						"0.36": [0, 0, -8],
						"0.48": [0, 0, -8],
						"0.56": [0, 0, 0]
					}
				},
				"waist": {
					"rotation": {
						"0.0": [0, 0, 0],
						"0.12": [23.02866, 29.80534, 1.10227],
						"0.28": [23.02866, 29.80534, 1.10227],
						"0.36": [33.65734, 24.66209, 23.59051],
						"0.48": [33.65734, 24.66209, 23.59051],
						"0.56": [12.5, 27.5, 0]
					}
				},
				"rightItem": {
					"position": {
						"0.12": [0, 0, 1],
						"0.28": [0, 0, 1],
						"0.36": [0, 0, -8],
						"0.48": [0, 0, -8],
						"0.56": [0, 0, -2]
					}
				},
				"rightleg": {
					"rotation": {
						"0.28": [-12.5, 0, 20],
						"0.36": [0, 0, 20],
						"0.48": [0, 0, 20],
						"0.56": [-12.5, 0, 20]
					}
				},
				"lowerrleg": {
					"rotation": {
						"0.28": [10, 0, 0],
						"0.56": [10, 0, 0]
					}
				},
				"leftleg": {
					"rotation": {
						"0.28": [2.5, 0, -22.5],
						"0.36": [-25, 0, -22.5],
						"0.48": [-25, 0, -22.5],
						"0.56": [2.5, 0, -22.5]
					}
				},
				"lowerlleg": {
					"rotation": {
						"0.28": [7.5, 0, 0],
						"0.36": [25, 0, 0],
						"0.48": [25, 0, 0],
						"0.56": [7.5, 0, 0]
					}
				}
			}
		},
		"animation.pole_hammer.attack_stance0_1": {
			"loop": "hold_on_last_frame",
			"animation_length": 0.48,
			"override_previous_animation": true,
			"bones": {
				"leftArm": {
					"rotation": {
						"0.0": [-63.17604, 31.99975, 15.00046],
						"0.12": [-83.73772, 25.23144, 86.45802],
						"0.24": [-83.73772, 25.23144, 86.45802],
						"0.32": [-96.23772, 25.23144, 86.45802]
					}
				},
				"lowerlarm": {
					"rotation": {
						"0.0": [-32.5, 0, 0],
						"0.12": [20, 0, 0],
						"0.24": [20, 0, 0]
					}
				},
				"rightArm": {
					"rotation": {
						"0.0": [-21.64581, -36.84757, 10.25028],
						"0.12": [-55.62967, -24.63881, -86.95391],
						"0.24": [-55.62967, -24.63881, -86.95391]
					}
				},
				"lowerrarm": {
					"rotation": {
						"0.0": [-40, 0, 0],
						"0.12": [-37.5, 0, 0],
						"0.24": [-37.5, 0, 0],
						"0.32": [-15, 0, 0]
					}
				},
				"root": {
					"rotation": {
						"0.0": [0, -2.5, 0],
						"0.12": [0, 42.5, 0],
						"0.24": [0, 42.5, 0],
						"0.32": [0, -70, 0]
					}
				},
				"waist": {
					"rotation": {
						"0.0": [0, 0, 0],
						"0.12": [19.14248, 38.69001, 2.00378],
						"0.24": [19.14248, 38.69001, 2.00378],
						"0.32": [15.15772, -11.79803, -13.40891]
					}
				}
			}
		},
		"animation.pole_hammer.ability_smash": {
			"override_previous_animation": true,
			"animation_length": 0.72,
			"bones": {
				"root": {
					"rotation": {
						"0.0": [0, 0, 0],
						"0.16": [-100, 0, 0],
						"0.24": [-100, 0, 0],
						"0.32": [12.5, 0, 0]
					},
					"position": {
						"0.0": [0, -1, 0],
						"0.16": [0, 12, 0],
						"0.24": [0, 12, 0],
						"0.32": [0, 0, 0]
					}
				},
				"waist": {
					"rotation": {
						"0.0": [5, 0, 0],
						"0.16": [-27.5, 0, 0],
						"0.24": [-27.5, 0, 0],
						"0.32": [52.5, 0, 0]
					}
				},
				"leftArm": {
					"rotation": {
						"0.0": [-63.17604, 31.99975, 15.00046],
						"0.16": [-30.67604, 31.99975, 15.00046],
						"0.24": [-20.67604, 31.99975, 15.00046]
					}
				},
				"lowerlarm": {
					"rotation": [-32.5, 0, 0]
				},
				"rightArm": {
					"rotation": {
						"0.0": [-21.64581, -36.84757, 10.25028],
						"0.16": [-69.14581, -36.84757, 10.25028],
						"0.24": [-79.14581, -36.84757, 10.25028]
					}
				},
				"lowerrarm": {
					"rotation": {
						"0.0": [-40, 0, 0],
						"0.16": [-52.5, 0, 0],
						"0.24": [-12.5, 0, 0]
					}
				},
				"rightItem": {
					"rotation": {
						"0.0": [0, 0, 0],
						"0.16": [18.89501, 4.68725, 36.19073],
						"0.24": [51.39501, 4.68725, 36.19073]
					}
				},