{
	"format_version": "1.8.0",
	"animations": {
		"animation.giant_mace.stance_0": {
			"loop": true,
			"override_previous_animation": true,
			"bones": {
				"leftArm": {
					"rotation": [-92.52154, 7.49282, -0.32902]
				},
				"lowerlarm": {
					"rotation": [-34.97437, 1.43364, -0.45169]
				},
				"rightArm": {
					"rotation": [-41.97294, -27.19732, 56.82774]
				},
				"lowerrarm": {
					"rotation": [-45, 0, 0]
				}
			}
		},
		"animation.giant_mace.attack_stance0_0": {
			"loop": "hold_on_last_frame",
			"animation_length": 0.52,
			"override_previous_animation": true,
			"bones": {
				"leftArm": {
					"rotation": {
						"0.0": [-92.52154, 7.49282, -0.32902],
						"0.12": [-51.85298, -54.9222, 3.56463],
						"0.32": [-51.85298, -54.9222, 3.56463],
						"0.44": [-98.88401, 13.85108, -82.18021]
					}
				},
				"lowerlarm": {
					"rotation": {
						"0.0": [-34.97437, 1.43364, -0.45169],
						"0.12": [-107.47437, 1.43364, -0.45169],
						"0.32": [-107.47437, 1.43364, -0.45169],
						"0.44": [-9.97437, 1.43364, -0.45169]
					}
				},
				"rightArm": {
					"rotation": {
						"0.0": [-41.97294, -27.19732, 56.82774],
						"0.12": [-108.00368, -28.87558, 85.1545],
						"0.32": [-108.00368, -28.87558, 85.1545],
						"0.44": [-30.10641, -19.4028, 82.95206]
					}
				},
				"lowerrarm": {
					"rotation": {
						"0.0": [-45, 0, 0],
						"0.12": [-15, 0, 0],
						"0.32": [-15, 0, 0],
						"0.44": [-47.5, 0, 0]
					}
				},
				"waist": {
					"rotation": {
						"0.0": [0, 0, 0],
						"0.12": [-15, -40, 0],
						"0.32": [-15, -40, 0],
						"0.44": [51.16399, 76.74358, 54.76005]
					}
				},
				"root": {
					"position": {
						"0.0": [0, 0, 0],
						"0.12": [0, -1, 2],
						"0.32": [0, -1, 2],
						"0.44": [0, -1, -4]
					}
				},
				"leftleg": {
					"rotation": {
						"0.0": [0, 0, 0],
						"0.12": [15, 0, 0],
						"0.32": [15, 0, 0],
						"0.4": [-71.67, 0, 0],
						"0.44": [-32.5, 0, 0]
					}
				},
				"lowerlleg": {
					"rotation": {
						"0.0": [0, 0, 0],
						"0.12": [15, 0, 0],
						"0.32": [15, 0, 0],
						"0.4": [65.83, 0, 0],
						"0.44": [27.5, 0, 0]
					}
				},
				"rightleg": {
					"rotation": {
						"0.0": [0, 0, 0],
						"0.12": [-30, 0, 0],
						"0.32": [-30, 0, 0],
						"0.44": [15, 0, 0]
					}
				},
				"lowerrleg": {
					"rotation": {
						"0.0": [0, 0, 0],
						"0.12": [27.5, 0, 0],
						"0.32": [27.5, 0, 0]
					}
				}
			}
		},
		"animation.giant_mace.inbetween_stance0_0": {
			"loop": "hold_on_last_frame",
			"override_previous_animation": true,
			"bones": {
				"leftArm": {
					"rotation": [-98.88401, 13.85108, -82.18021]
				},
				"lowerlarm": {
					"rotation": [-9.97437, 1.43364, -0.45169]
				},
				"rightArm": {
					"rotation": [-30.10641, -19.4028, 82.95206]
				},
				"lowerrarm": {
					"rotation": [-47.5, 0, 0]
				},
				"waist": {
					"rotation": [51.16399, 76.74358, 54.76005]
				},
				"root": {
					"position": [0, -1, -4]
				},
				"leftleg": {
					"rotation": [-32.5, 0, 0]
				},
				"lowerlleg": {
					"rotation": [27.5, 0, 0]
				},
				"rightleg": {
					"rotation": [15, 0, 0]
				},
				"lowerrleg": {
					"rotation": [0, 0, 0]
				}
			}
		},
		"animation.giant_mace.attack_stance0_1": {
			"loop": "hold_on_last_frame",
			"animation_length": 0.44,
			"override_previous_animation": true,
			"bones": {
				"leftArm": {
					"rotation": {
						"0.0": [-98.88401, 13.85108, -82.18021],
						"0.12": [-126.38401, 13.85108, -82.18021],
						"0.32": [-126.38401, 13.85108, -82.18021],
						"0.44": [-98.88401, 13.85108, -82.18021]
					}
				},
				"lowerlarm": {
					"rotation": {
						"0.0": [-9.97437, 1.43364, -0.45169],
						"0.44": [-9.97437, 1.43364, -0.45169]
					}
				},
				"rightArm": {
					"rotation": {
						"0.0": [-30.10641, -19.4028, 82.95206],
						"0.12": [-32.1157, -9.95971, 89.12636],
						"0.32": [-32.1157, -9.95971, 89.12636],
						"0.44": [-30.10641, -19.4028, 82.95206]
					}
				},
				"lowerrarm": {
					"rotation": {
						"0.0": [-47.5, 0, 0],
						"0.12": [-57.5, 0, 0],
						"0.32": [-57.5, 0, 0],
						"0.44": [-47.5, 0, 0]
					}
				},
				"waist": {
					"rotation": {
						"0.0": [51.16399, 76.74358, 54.76005],
						"0.12": [157.92783, 61.61873, 164.71999],
						"0.32": [157.92783, 61.61873, 164.71999],
						"0.36": [11.4763, 26.13578, 9.46446],
						"0.4": [15.29379, -47.37618, -7.02258],
						"0.44": [155.4379, -64.55119, -153.22055]
					}
				},
				"root": {
					"position": {
						"0.0": [0, -1, 0],
						"0.12": [0, -1, 4],
						"0.32": [0, -1, 4],
						"0.44": [0, -1, -5]
					}
				},
				"leftleg": {
					"rotation": {
						"0.0": [-32.5, 0, 0],
						"0.12": [-30, 0, 0],
						"0.32": [-30, 0, 0],
						"0.44": [22.5, 0, 0]
					}
				},
				"lowerlleg": {
					"rotation": {
						"0.0": [27.5, 0, 0],
						"0.32": [27.5, 0, 0],
						"0.44": [27.5, 0, 0]
					}
				},
				"rightleg": {
					"rotation": {
						"0.0": [15, 0, 0],
						"0.12": [15, 0, 0],
						"0.32": [15, 0, 0],
						"0.4": [-60, 0, 0],
						"0.44": [-30, 0, 0]
					}
				},
				"lowerrleg": {
					"rotation": {
						"0.0": [0, 0, 0],
						"0.12": [12.5, 0, 0],
						"0.32": [12.5, 0, 0],
						"0.4": [62.5, 0, 0],
						"0.44": [40, 0, 0]
					}
				}
			}
		},
		"animation.giant_mace.inbetween_stance0_3": {
			"loop": "hold_on_last_frame",
			"override_previous_animation": true,
			"bones": {
				"leftArm": {
					"rotation": [-98.88401, 13.85108, -82.18021]
				},
				"lowerlarm": {
					"rotation": [-9.97437, 1.43364, -0.45169]
				},
				"rightArm": {
					"rotation": [-30.10641, -19.4028, 82.95206]
				},
				"lowerrarm": {
					"rotation": [-47.5, 0, 0]
				},
				"waist": {
					"rotation": [119.53562, -78.15307, -115.71359]
				},
				"root": {
					"position": [0, -1, 0]
				},
				"leftleg": {
					"rotation": [22.5, 0, 0]
				},
				"lowerlleg": {
					"rotation": [27.5, 0, 0]
				},
				"rightleg": {
					"rotation": [-30, 0, 0]
				},
				"lowerrleg": {
					"rotation": [40, 0, 0]
				}
			}
		},
		"animation.giant_mace.attack_stance0_2": {
			"loop": true,
			"animation_length": 0.96,
			"override_previous_animation": true,
			"bones": {
				"leftArm": {
					"rotation": {
						"0.0": [-98.88401, 13.85108, -82.18021],
						"0.16": [-32.96346, -32.46527, 1.59176],
						"0.6": [-32.96346, -32.46527, 1.59176],
						"0.68": [-54.69947, 9.90055, -27.40621],
						"0.88": [-36.50884, 30.51455, 15.54562]
					}
				},
				"lowerlarm": {
					"rotation": {
						"0.0": [-9.97437, 1.43364, -0.45169],
						"0.16": [-132.47437, 1.43364, -0.45169],
						"0.6": [-132.47437, 1.43364, -0.45169],
						"0.68": [-77.47437, 1.43364, -0.45169],
						"0.76": [-94.97437, 1.43364, -0.45169]
					}
				},
				"rightArm": {
					"rotation": {
						"0.0": [-30.10641, -19.4028, 82.95206],
						"0.16": [-75.86193, 5.59098, 88.71294],
						"0.6": [-75.86193, 5.59098, 88.71294],
						"0.68": [-48.36193, 5.59098, 88.71294],
						"0.88": [-25.86193, 5.59098, 88.71294]
					}
				},
				"lowerrarm": {
					"rotation": {
						"0.0": [-47.5, 0, 0],
						"0.16": [-45, 0, 0],
						"0.6": [-45, 0, 0],
						"0.68": [-20, 0, 0],
						"0.88": [-37.5, 0, 0]
					}
				},
				"root": {
					"rotation": {
						"0.0": [0, 0, 0],
						"0.16": [0, -10, 0],
						"0.6": [0, -10, 0],
						"0.68": [0, -35, 0]
					},
					"position": {
						"0.0": [0, -1, 0],
						"0.16": [0, 0, 7],
						"0.6": [0, 0, 7],
						"0.68": [0, 0, -5]
					}
				},
				"waist": {
					"rotation": {
						"0.0": [119.53562, -78.15307, -115.71359],
						"0.16": [0, -52.5, 0],
						"0.6": [0, -52.5, 0],
						"0.68": [-3.87746, -42.33206, 6.71255],
						"0.88": [-4.22896, -47.31959, 7.21068]
					}
				},
				"rightItem": {
					"rotation": {
						"0.0": [-2.5, 0, 0],
						"0.16": [7.5, 0, 0],
						"0.6": [7.5, 0, 0],
						"0.68": [-25, 0, 0]
					}
				},
				"leftleg": {
					"rotation": {
						"0.0": [22.5, 0, 0],