{
	"format_version": "1.8.0",
	"animations": {
		"animation.saber.attack_stance0_1": {
			"animation_length": 0.9,
"override_previous_animation": true,
			"bones": {
				"waist": {
					"rotation": {
						"0.0": [0, 0, 0],
						"0.1": [0, -15, 0],
						"0.4": [0, -15, 0],
						"0.5": [20.68844, 33.79923, 7.95986]
					}
				},
				"leftArm": {
					"rotation": {
						"0.0": [0, 0, 0],
						"0.1": [0, 0, -12.5],
						"0.4": [0, 0, -12.5],
						"0.5": [17.5, 0, -20]
					}
				},
				"rightArm": {
					"rotation": {
						"0.0": [0, 0, 0],
						"0.1": [-105, 0, 82.5],
						"0.4": [-95, 0, 82.5],
						"0.5": [47.5, 0, 82.5],
						"0.7": [60, 0, 82.5]
					}
				},
				"leftleg": {
					"rotation": {
						"0.0": [0, 0, 0],
						"0.1": [5, 0, 0],
						"0.4": [5, 0, 0],
						"0.5": [10, 0, 0]
					}
				},
				"rightleg": {
					"rotation": {
						"0.0": [0, 0, 0],
						"0.1": [0, 0, 0],
						"0.4": [0, 0, 0],
						"0.5": [-5, 0, 0]
					}
				},
				"root": {
					"rotation": {
						"0.0": [0, 0, 0],
						"0.1": [0, -25, 0],
						"0.4": [0, -62.5, 0],
						"0.5": [0, 27.5, 0],
						"0.7": [0, 45, 0]
					}
				},
				"lowerrarm": {
					"rotation": {
						"0.0": [0, 0, 0],
						"0.1": [-40, 0, 0],
						"0.4": [-17.5, 0, 0],
						"0.5": [-55, 0, 0],
						"0.7": [-25, 0, 0]
					}
				},
				"trail": {
					"rotation": {
						"0.5": [-363.67288, 29.99379, -546.60161],
						"0.7": [-377.61555, -35.34449, -551.13175]
					},
					"scale": {
						"0.4": [0, 0, 0],
						"0.5": [1, 1, 1],
						"0.7": [1, 1, 1],
						"0.8": [0, 0, 0]
					}
				},
				"trailpart1": {
					"rotation": [0, 25, 0],
					"position": [-2.275, 0, 2.125]
				},
				"trailpart2": {
					"rotation": [0, 40, 0],
					"position": [-8.75, 0, 4]
				},
				"trailpart3": {
					"rotation": [0, 55, 0],
					"position": [-17.5, 0, 6.75]
				},
				"trailpart4": {
					"rotation": [0, 67.5, 0],
					"position": [-28, 0, 12]
				}
			}
		},
		"animation.saber.attack_stance0_2": {
			"animation_length": 0.8,
"override_previous_animation": true,
			"bones": {
				"waist": {
					"rotation": {
						"0.0": [0, 0, 0],
						"0.1": [0, -15, 0],
						"0.4": [0, -15, 0],
						"0.5": [20.68844, 33.79923, 7.95986]
					}
				},
				"leftArm": {
					"rotation": {
						"0.0": [0, 0, 0],
						"0.1": [0, 0, -12.5],
						"0.4": [0, 0, -12.5],
						"0.5": [17.5, 0, -20]
					}
				},
				"rightArm": {
					"rotation": {
						"0.0": [0, 0, 0],
						"0.1": [-122.05309, 13.27207, 144.17841],
						"0.4": [-140.00418, 21.57135, 134.3695],
						"0.5": [34.86217, -10.11393, 116.8075],
						"0.7": [42.36217, -10.11393, 116.8075]
					}
				},
				"leftleg": {
					"rotation": {
						"0.0": [0, 0, 0],
						"0.1": [5, 0, 0],
						"0.4": [5, 0, 0],
						"0.5": [10, 0, 0]
					}
				},
				"rightleg": {
					"rotation": {
						"0.0": [0, 0, 0],
						"0.1": [0, 0, 0],
						"0.4": [0, 0, 0],
						"0.5": [-5, 0, 0]
					}
				},
				"root": {
					"rotation": {
						"0.0": [0, 0, 0],
						"0.1": [0, -25, 0],
						"0.4": [7.5, -42.5, 0],
						"0.5": [0, 27.5, 0],
						"0.7": [0, 50, 0]
					}
				},
				"lowerrarm": {
					"rotation": {
						"0.0": [0, 0, 0],
						"0.1": [-2.5, 0, 0],
						"0.4": [-2.5, 0, 0],
						"0.5": [-2.5, 0, 0]
					}
				},
				"trail": {
					"rotation": {
						"0.5": [-368.63795, -1.70478, -532.14132],
						"0.7": [-390.03228, -26.10328, -527.16748]
					},
					"scale": {
						"0.4": [0, 0, 0],
						"0.5": [1, 1, 1],
						"0.7": [1, 1, 1],
						"0.8": [0, 0, 0]
					}
				},
				"trailpart1": {
					"rotation": [0, 25, 0],
					"position": [-2.275, 0, 2.125]
				},
				"trailpart2": {
					"rotation": [0, 40, 0],
					"position": [-8.75, 0, 4]
				},
				"trailpart3": {
					"rotation": [0, 55, 0],
					"position": [-17.5, 0, 6.75]
				},
				"trailpart4": {
					"rotation": [0, 67.5, 0],
					"position": [-28, 0, 12]
				}
			}
		},
		"animation.saber.attack_stance0_0": {
			"animation_length": 0.8,
"override_previous_animation": true,
			"bones": {
				"waist": {
					"rotation": {
						"0.0": [0, 0, 0],
						"0.08": [-5, 15, 0],
						"0.36": [-5, 15, 0],
						"0.44": [10, -7.5, 0]
					}
				},
				"leftArm": {
					"rotation": {
						"0.0": [0, 0, 0],
						"0.08": [0, 0, -12.5],
						"0.36": [0, 0, -12.5],
						"0.44": [17.5, 0, -20]
					}
				},
				"rightArm": {
					"rotation": {
						"0.0": [0, 0, 0],
						"0.08": [-237.5, 30, -65],
						"0.36": [-250, 30, -65],
						"0.44": [-30.00135, 13.12479, -58.53128],
						"0.64": [-43.21918, 13.99545, -65.56724]
					}
				},
				"leftleg": {
					"rotation": {
						"0.0": [0, 0, 0],
						"0.08": [5, 0, 0],
						"0.36": [5, 0, 0],
						"0.44": [10, 0, 0]
					}
				},
				"rightleg": {
					"rotation": {
						"0.0": [0, 0, 0],
						"0.08": [0, 0, 0],
						"0.36": [0, 0, 0],
						"0.44": [-5, 0, 0]
					}
				},
				"lowerrarm": {
					"rotation": {
						"0.0": [0, 0, 0],
						"0.08": [-52.5, 0, 0],
						"0.36": [-52.5, 0, 0],
						"0.44": [-2.5, 0, 0]
					}
				},
				"root": {
					"rotation": {
						"0.0": [0, 0, 0],
						"0.08": [0, 25, 0],
						"0.36": [-7.5, 42.5, 0],
						"0.44": [0, -37.5, 0],
						"0.64": [0, -70, 0]
					}
				},
				"trail": {
					"rotation": {
						"0.44": [-145.10413, 73.08994, -483.87549],
						"0.72": [-17.00164, 55.31282, -351.70517]
					},
					"scale": {
						"0.4": [0, 0, 0],
						"0.44": [1, 1, 1],
						"0.72": [1, 1, 1],
						"0.8": [0, 0, 0]
					}
				},
				"trailpart1": {
					"rotation": [0, 25, 0],
					"position": [-2.275, 0, 2.125]
				},
				"trailpart2": {
					"rotation": [0, 40, 0],
					"position": [-8.75, 0, 4]
				},
				"trailpart3": {
					"rotation": [0, 55, 0],
					"position": [-17.5, 0, 6.75]
				},
				"trailpart4": {
					"rotation": [0, 67.5, 0],
					"position": [-28, 0, 12]
				}
			}
		},
		"animation.saber.block_stance0_1": {
			"loop": true,
"override_previous_animation": true,
			"bones": {
				"rightArm": {
					"rotation": [-60, -27.5, 52.5]
				},
				"sword": {
					"rotation": [-22.5, 0, 0]
				},
				"lowerrarm": {
					"rotation": [-30, 0, 0]
				},
				"trail": {
					"scale": 0
				}
			}
		},
		"animation.saber.stance_0": {
"override_previous_animation": true,
			"loop": true,
			"bones": {
				"waist": {
					"rotation": [7.5, 15, 0]
				},
				"leftArm": {
					"rotation": [0, 0, -12.5]
				},
				"lowerlarm": {
					"rotation": [0, 0, 12.5]
				},
				"rightArm": {
					"rotation": [15.27269, -8.64738, 28.83844]
				},
				"lowerrarm": {
					"rotation": [-27.5, 0, 0]
				},
				"trail": {
					"scale": 0
				}
			}
		},
		"animation.saber.no_back": {
			"loop": true,
"override_previous_animation": true,
			"bones": {
				"saber_sheathed": {
					"scale": 0
				},
				"trail": {
					"scale": 0
				}
			}
		},
		"animation.saber.unsheathe": {
			"animation_length": 1.36,
"override_previous_animation": true,
			"bones": {
				"waist": {
					"rotation": {
						"0.0": [0, 0, 0],
						"0.16": [15, -35, 0],
						"0.68": [-7.7832, 12.34947, -0.97657],
						"0.76": [-7.96802, -17.38019, 3.09209],
						"1.04": [-7.96802, -17.38019, 3.09209],
						"1.12": [7.5, 15, 0]
					}
				},
				"leftArm": {
					"rotation": [0, 0, -12.5]
				},
				"lowerlarm": {
					"rotation": [0, 0, 12.5]
				},
				"rightArm": {
					"rotation": {
						"0.16": [-150.00569, 3.60526, 137.05755],
						"0.28": [24.99431, 3.60526, 137.05755],
						"0.76": [266.41454, 22.69646, 373.88524],
						"1.04": [278.91454, 22.69646, 373.88524],
						"1.12": [373.91454, 22.69646, 373.88524]
					},
					"position": [1, 0, 0]
				},
				"lowerrarm": {
					"rotation": {
						"0.0": [0, 0, 0],
						"0.16": [-12.5, 0, 0],
						"1.04": [-13.75, 0, 0],
						"1.12": [-27.5, 0, 0]
					}
				},
				"rightitem": {
					"rotation": {
						"0.68": [0, 0, 0],
						"0.76": [62.5, 0, 0],
						"1.04": [62.5, 0, 0],
						"1.12": [0, 0, 0]
					},
					"scale": {
						"0.0": [0, 0, 0],