{
	"format_version": "1.8.0",
	"animations": {
		"animation.zweihander.stance_0": {
			"override_previous_animation": true,
			"loop": true,
			"bones": {
				"root": {
					"rotation": [0, 42.5, 0]
				},
				"waist": {
					"rotation": [35, 12.5, 0]
				},
				"leftArm": {
					"rotation": [-49.11798, 14.16384, 9.56003],
					"position": [-1, 1, -1]
				},
				"lowerlarm": {
					"rotation": [-40, 0, 0]
				},
				"rightArm": {
					"rotation": [20.95234, -41.77357, 33.6003]
				},
				"lowerrarm": {
					"rotation": [-67.58893, 1.88968, 0.66634]
				},
				"rightitem": {
					"position": [0, 0, -4]
				}
			}
		},
		"animation.zweihander.attack_combo_0_0": {
			"override_previous_animation": true,
			"loop": "hold_on_last_frame",
			"animation_length": 0.84,
			"bones": {
				"root": {
					"rotation": {
						"0.0": [0, 37.5, 0],
						"0.28": [0, -102.5, 0],
						"0.44": [0, -102.5, 0],
						"0.52": [0, 62.5, 0],
						"0.68": [0, 97.5, 0]
					}
				},
				"waist": {
					"rotation": {
						"0.0": [35, 12.5, 0],
						"0.28": [-7.5, 12.5, 0],
						"0.44": [-7.5, 12.5, 0],
						"0.52": [20.68844, 33.79923, 7.95986],
						"0.68": [35.68844, 33.79923, 7.95986]
					}
				},
				"leftArm": {
					"rotation": {
						"0.0": [-49.11798, 14.16384, 9.56003],
						"0.28": [-117.21867, 22.52208, -0.24489],
						"0.44": [-117.21867, 22.52208, -0.24489],
						"0.52": [-82.21867, 22.52208, -0.24489]
					},
					"position": {
						"0.0": [-1, 1, -1],
						"0.28": [-1, 0, -1],
						"0.44": [-1, 0, -1]
					}
				},
				"lowerlarm": {
					"rotation": {
						"0.0": [-40, 0, 0],
						"0.28": [-25, 0, 0],
						"0.44": [-25, 0, 0]
					}
				},
				"rightArm": {
					"rotation": {
						"0.0": [20.95234, -41.77357, 33.6003],
						"0.28": [-8.17972, 40.65485, 118.7334],
						"0.44": [-8.17972, 40.65485, 118.7334],
						"0.52": [2.73836, -9.56481, 71.19325]
					}
				},
				"lowerrarm": {
					"rotation": {
						"0.0": [-67.58893, 1.88968, 0.66634],
						"0.28": [-50.08893, 1.88968, 0.66634],
						"0.4": [-50.08893, 1.88968, 0.66634],
						"0.52": [-67.58893, 1.88968, 0.66634]
					}
				},
				"rightitem": {
					"rotation": {
						"0.0": [0, 0, 0],
						"0.4": [0, 0, 0],
						"0.52": [0, 0, 10]
					},
					"position": {
						"0.0": [0, 0, -4],
						"0.4": [0, 0, -4]
					}
				}
			}
		},
		"animation.zweihander.attack_combo_0_1": {
			"override_previous_animation": true,
			"loop": "hold_on_last_frame",
			"animation_length": 0.52,
			"bones": {
				"root": {
					"rotation": {
						"0.0": [0, 97.5, 0],
						"0.16": [0, 127.5, 0],
						"0.32": [0, 127.5, 0],
						"0.4": [0, 42.5, 0]
					},
					"position": {
						"0.0": [0, 0, -2],
						"0.16": [0, 0, 2],
						"0.32": [0, 0, 2],
						"0.4": [0, 0, -17],
						"0.52": [0, 0, -11]
					}
				},
				"waist": {
					"rotation": {
						"0.0": [35.68844, 33.79923, 7.95986],
						"0.16": [35.68844, 33.79923, 7.95986],
						"0.32": [35.68844, 33.79923, 7.95986]
					}
				},
				"leftArm": {
					"rotation": {
						"0.0": [-72.21867, 22.52208, -0.24489],
						"0.16": [-72.21867, 22.52208, -0.24489],
						"0.32": [-72.21867, 22.52208, -0.24489],
						"0.4": [-43.02801, -13.59884, -39.13595]
					},
					"position": {
						"0.0": [-1, 1, -2],
						"0.16": [-1, 1, -2],
						"0.32": [-1, 1, -2]
					}
				},
				"lowerlarm": {
					"rotation": {
						"0.0": [-40, 0, 0],
						"0.16": [-40, 0, 0],
						"0.32": [-40, 0, 0]
					}
				},
				"rightArm": {
					"rotation": {
						"0.0": [2.73836, -9.56481, 71.19325],
						"0.16": [2.73836, -9.56481, 71.19325],
						"0.32": [2.73836, -9.56481, 71.19325],
						"0.4": [-74.36589, -44.14814, 66.01198]
					}
				},
				"lowerrarm": {
					"rotation": {
						"0.0": [-67.58893, 1.88968, 0.66634],
						"0.16": [-67.58893, 1.88968, 0.66634],
						"0.32": [-67.58893, 1.88968, 0.66634],
						"0.4": [-7.58893, 1.88968, 0.66634]
					}
				},
				"rightitem": {
					"rotation": {
						"0.0": [0, 0, 10],
						"0.16": [0, 0, 10],
						"0.32": [0, 0, 10],
						"0.4": [0, 0, -15]
					},
					"position": {
						"0.0": [0, 0, -4],
						"0.16": [0, 0, -4],
						"0.32": [0, 0, -4]
					}
				}
			}
		},
		"animation.zweihander.attack_combo_0_2": {
			"override_previous_animation": true,
			"loop": "hold_on_last_frame",
			"animation_length": 0.68,
			"bones": {
				"root": {
					"rotation": {
						"0.0": [0, 42.5, 0],
						"0.2": [0, -135, 0],
						"0.4": [0, -135, 0],
						"0.44": [0, 15, 0],
						"0.6": [0, 52.5, 0]
					}
				},
				"waist": {
					"rotation": {
						"0.0": [35.68844, 33.79923, 7.95986],
						"0.2": [35.68844, 33.79923, 7.95986],
						"0.4": [35.68844, 33.79923, 7.95986],
						"0.48": [-4.31156, 33.79923, 7.95986],
						"0.6": [13.18844, 33.79923, 7.95986]
					}
				},
				"leftArm": {
					"rotation": {
						"0.0": [-43.02801, -13.59884, -39.13595],
						"0.2": [-34.4435, 5.60604, -19.30965],
						"0.4": [-34.4435, 5.60604, -19.30965],
						"0.48": [-126.9435, 5.60604, -19.30965]
					},
					"position": {
						"0.0": [-1, 1, -2],
						"0.2": [-1, 1, 0],
						"0.4": [-1, 1, 0]
					}
				},
				"lowerlarm": {
					"rotation": {
						"0.0": [-40, 0, 0],
						"0.2": [-57.5, 0, 0],
						"0.4": [-57.5, 0, 0],
						"0.48": [-15, 0, 0]
					}
				},
				"rightArm": {
					"rotation": {
						"0.0": [-74.36589, -44.14814, 66.01198],
						"0.2": [-31.86589, -44.14814, 66.01198],
						"0.4": [-31.86589, -44.14814, 66.01198],
						"0.48": [-4.69616, 47.21518, 102.24346]
					}
				},
				"lowerrarm": {
					"rotation": {
						"0.0": [-7.58893, 1.88968, 0.66634],
						"0.2": [-45.08893, 1.88968, 0.66634],
						"0.4": [-45.08893, 1.88968, 0.66634],
						"0.48": [-57.58893, 1.88968, 0.66634]
					}
				},
				"rightitem": {
					"rotation": {
						"0.0": [0, 0, -15],
						"0.4": [0, 0, -15],
						"0.48": [0, 0, 0]
					},
					"position": {
						"0.0": [0, 0, -4],
						"0.4": [0, 0, -4]
					}
				}
			}
		}
	}
}