{
	"format_version": "1.8.0",
	"animations": {
		"animation.shield.block_0": {
			"loop": true,
			"override_previous_animation": true,
			"bones": {
				"waist": {
					"rotation": [12.5, -27.5, 0]
				},
				"rightArm": {
					"rotation": [-77.33404, -0.39083, 1.23328]
				},
				"lowerrarm": {
					"rotation": [-17.95107, -22.38126, -53.59542]
				}
			}
		},
		"animation.shield.block_offhand": {
			"loop": true,
			"override_previous_animation": true,
			"bones": {
				"waist": {
					"rotation": [12.5, 27.5, 0]
				},
				"leftArm": {
					"rotation": [-77.33404, 0.39083, -1.23328]
				},
				"lowerlarm": {
					"rotation": [-17.95107, 22.38126, 53.59542]
				}
			}
		},
		"animation.shield.attack_stance0_0": {
			"animation_length": 1,
			"override_previous_animation": true,
			"bones": {
				"waist": {
					"rotation": {
						"0.0": [12.5, -27.5, 0],
						"0.16": [12.5, -27.5, 0],
						"0.44": [26.3682, -44.17814, -6.37087],
						"0.52": [-9.30394, 32.56617, -3.74007],
						"0.88": [-7.96045, 10.31316, -0.13464]
					}
				},
				"rightArm": {
					"rotation": {
						"0.0": [-77.33404, -0.39083, 1.23328],
						"0.16": [-77.33404, -0.39083, 1.23328],
						"0.44": [-77.33404, -0.39083, 1.23328],
						"0.52": [-1.78189, 77.32811, 89.49476],
						"0.88": [-59.99295, 63.99628, 28.75268]
					}
				},
				"lowerrarm": {
					"rotation": {
						"0.0": [-17.95107, -22.38126, -53.59542],
						"0.16": [-17.95107, -22.38126, -53.59542],
						"0.44": [-17.95107, -22.38126, -53.59542],
						"0.52": [-8.36182, -1.51506, -6.7921],
						"0.88": [-7.34936, -4.27627, -26.62809]
					}
				},
				"leftArm": {
					"rotation": {
						"0.0": [0, 0, 0],
						"0.16": [0, 0, 0],
						"0.52": [30, 0, 0]
					}
				},
				"lowerlarm": {
					"rotation": {
						"0.0": [-5, 0, 0],
						"0.16": [-5, 0, 0],
						"0.52": [-32.5, 0, 0]
					}
				},
				"root": {
					"rotation": {
						"0.16": [0, 0, 0],
						"0.44": [0, -22.5, 0],
						"0.52": [0, 15, 0],
						"0.88": [0, -5, 0]
					}
				}
			}
		},
		"animation.shield.unsheathe": {
			"animation_length": 0.92,
			"bones": {
				"waist": {
					"rotation": {
						"0.0": [0, 0, 0],
						"0.2": [0, -20, 0],
						"0.52": [0, 27.5, 0]
					}
				},
				"leftArm": {
					"rotation": {
						"0.0": [0, 0, 0],
						"0.12": [24.10499, -3.65685, -1.22801],
						"0.52": [24.10499, -3.65685, -1.22801],
						"0.76": [-70.81754, -23.7695, -7.98205]
					}
				},
				"lowerlarm": {
					"rotation": {
						"0.52": [0, 0, 0],
						"0.56": [-22.5, 0, 0]
					}
				},
				"leftitem": {
					"rotation": {
						"0.52": [0, 0, 0],
						"0.56": [-22.5, 0, 0]
					},
					"scale": {
						"0.52": [0, 0, 0],
						"0.56": [1, 1, 1]
					}
				},
				"shield_back": {
					"scale": {
						"0.48": [1, 1, 1],
						"0.52": [0, 0, 0]
					}
				}
			}
		},
		"animation.shield.unsheathe_main": {
			"animation_length": 0.92,
			"bones": {
				"waist": {
					"rotation": {
						"0.0": [0, 0, 0],
						"0.2": [0, 20, 0],
						"0.52": [0, -27.5, 0]
					}
				},
				"shield_back": {
					"scale": {
						"0.48": [1, 1, 1],
						"0.52": [0, 0, 0]
					}
				},
				"rightArm": {
					"rotation": {
						"0.0": [0, 0, 0],
						"0.12": [24.10499, 3.65685, 1.22801],
						"0.2": [0, 0, 0],
						"0.52": [24.10499, 3.65685, 1.22801],
						"0.76": [-70.81754, 23.7695, 7.98205]
					}
				},
				"lowerrarm": {
					"rotation": {
						"0.52": [0, 0, 0],
						"0.56": [-22.5, 0, 0]
					}
				},
				"rightitem": {
					"rotation": {
						"0.48": [0, 0, 0],
						"0.52": [-22.5, 0, 0]
					},
					"scale": {
						"0.48": [0, 0, 0],
						"0.52": [1, 1, 1]
					}
				}
			}
		},
		"animation.shield.no_back": {
			"loop": true,
			"bones": {
				"shield_back": {
					"scale": 0
				}
			}
		},
		"animation.shield.fp_mainhand": {
			"loop": true,
			"bones": {
				"rightitem": {
					"rotation": [0, -90, -90]
				}
			}
		},
		"animation.shield.fp_offhand": {
			"loop": true,
			"bones": {
				"leftitem": {
					"rotation": [0, 90, 90]
				}
			}
		}
	}
}