{
	"format_version": "1.8.0",
	"animations": {
		"animation.supply_crate.stand": {
			"loop": true,
			"animation_length": 2,
			"bones": {
				"parachute": {
					"rotation": {
						"0.0": [0, 0, -10],
						"0.52": [0, -9.43773, 2.82206],
						"1.0": [25.02782, -3.13272, -33.15107],
						"1.52": [-10.74847, -6.86571, 21.35631],
						"2.0": [0, 0, -10]
					}
				}
			}
		}
	}
}